start_index,end_index,precision,recall,fScore,gt_inst_count,pred_inst_count,pred_total_inst_count
0,4,0.0,0.0,0.0,1,0,7
4,8,0.0,0.0,0.0,1,1,6
8,12,0.0,0.0,0.0,2,0,3
12,16,0.5,0.5,0.5,2,2,5
16,20,1.0,0.3333333333333333,0.5,3,1,3
20,24,1.0,0.25,0.4,4,1,4
24,28,1.0,0.3333333333333333,0.5,3,1,7
28,32,0.5,0.4,0.4444444444444445,5,4,9
32,36,0.0,0.0,0.0,3,1,3
36,40,0.0,0.0,0.0,3,0,7
40,44,0.0,0.0,0.0,1,0,1
44,48,0.0,0.0,0.0,2,0,2
48,52,0.5,0.25,0.3333333333333333,4,2,11
52,56,0.3333333333333333,0.25,0.28571428571428575,4,3,7
56,60,1.0,0.16666666666666666,0.2857142857142857,6,1,4
60,64,0.0,0.0,0.0,5,0,2
64,68,0.0,0.0,0.0,5,1,6
68,72,0.0,0.0,0.0,6,0,2
72,76,0.5,0.2,0.28571428571428575,5,2,8
76,80,0.0,0.0,0.0,3,0,1
80,84,1.0,0.25,0.4,4,1,6
84,88,1.0,0.3333333333333333,0.5,3,1,2
88,92,0.0,0.0,0.0,1,0,1
92,96,0.0,0.0,0.0,3,1,1
96,100,0.0,0.0,0.0,5,2,9
100,104,1.0,0.5,0.6666666666666666,6,3,12
104,108,0.0,0.0,0.0,5,0,15
108,112,0.04,0.14285714285714285,0.0625,7,25,124
112,116,0.0,0.0,0.0,4,0,7
116,120,0.0,0.0,0.0,3,0,7
120,124,1.0,0.25,0.4,4,1,17
124,128,1.0,0.2,0.33333333333333337,5,1,16
128,132,0.0,0.0,0.0,5,0,12
132,136,0.0,0.0,0.0,3,0,9
136,140,0.0,0.0,0.0,2,0,10
140,144,0.0,0.0,0.0,2,0,7
144,148,0.0,0.0,0.0,1,1,2
148,152,0.0,0.0,0.0,1,0,5
152,156,0.0,0.0,0.0,1,0,1
156,160,0.0,0.0,0.0,3,0,6
160,164,0.0,0.0,0.0,3,0,3
164,168,0.0,0.0,0.0,3,0,9
168,172,0.0,0.0,0.0,3,1,7
172,176,0.0,0.0,0.0,2,1,13
176,180,1.0,0.5,0.6666666666666666,4,2,8
180,184,0.0,0.0,0.0,2,1,3
184,188,0.0,0.0,0.0,2,0,3
188,192,0.0,0.0,0.0,2,0,4
192,196,1.0,0.25,0.4,4,1,10
196,200,0.0,0.0,0.0,4,0,28
200,204,0.0,0.0,0.0,3,0,21
204,208,0.0,0.0,0.0,4,2,31
208,212,0.0,0.0,0.0,3,0,3
212,216,0.0,0.0,0.0,3,0,6
216,220,0.0,0.0,0.0,2,0,1
220,224,0.0,0.0,0.0,3,0,1
224,228,0.0,0.0,0.0,3,0,4
228,232,0.0,0.0,0.0,3,0,4
232,236,0.0,0.0,0.0,3,0,5
236,240,0.0,0.0,0.0,3,0,4
240,244,0.0,0.0,0.0,3,0,1
244,248,0.0,0.0,0.0,2,0,2
248,252,0.0,0.0,0.0,1,0,6
252,256,0.0,0.0,0.0,2,1,4
256,260,0.0,0.0,0.0,1,0,3
260,264,0.0,0.0,0.0,2,0,2
264,268,0.0,0.0,0.0,2,0,1
268,272,0.0,0.0,0.0,4,0,3
272,276,1.0,0.25,0.4,4,1,1
276,280,0.0,0.0,0.0,3,0,4
280,284,1.0,0.3333333333333333,0.5,3,1,3
284,288,0.0,0.0,0.0,2,0,6
288,292,0.0,0.0,0.0,3,1,6
292,296,0.0,0.0,0.0,2,0,1
296,300,0.0,0.0,0.0,3,1,4
300,304,0.3333333333333333,0.25,0.28571428571428575,4,3,10
304,308,0.6666666666666666,0.5,0.5714285714285715,4,3,5
308,312,0.0,0.0,0.0,4,0,5
312,316,0.0,0.0,0.0,4,1,6
316,320,0.0,0.0,0.0,2,0,5
320,324,0.0,0.0,0.0,1,0,3
324,328,1.0,0.5,0.6666666666666666,2,1,3
328,332,0.0,0.0,0.0,3,0,1
332,336,0.08333333333333333,0.5,0.14285714285714285,2,12,131
336,340,0.0,0.0,0.0,3,0,2
340,344,0.0,0.0,0.0,3,0,2
344,348,0.0,0.0,0.0,3,0,3
348,352,0.5,0.25,0.3333333333333333,4,2,4
352,356,0.0,0.0,0.0,2,1,1
356,360,0.0,0.0,0.0,2,1,1
360,364,0.0,0.0,0.0,2,1,5
364,368,0.0,0.0,0.0,2,0,5
368,372,0.0,0.0,0.0,2,0,4
372,376,0.0,0.0,0.0,1,0,2
376,380,0.0,0.0,0.0,2,0,5
380,384,0.0,0.0,0.0,2,0,6
384,388,1.0,0.5,0.6666666666666666,2,1,5
388,392,0.0,0.0,0.0,1,0,2
392,396,0.0,0.0,0.0,1,0,3
396,400,1.0,0.3333333333333333,0.5,3,1,5
400,404,1.0,1.0,1.0,1,1,1
412,416,0.0,0.0,0.0,2,0,1
416,420,0.0,0.0,0.0,2,0,4
420,424,0.0,0.0,0.0,4,0,2
424,428,0.0,0.0,0.0,3,0,2
428,432,0.0,0.0,0.0,3,0,5
432,436,0.0,0.0,0.0,3,0,2
436,440,0.0,0.0,0.0,3,0,5
440,444,0.0,0.0,0.0,3,1,9
444,448,0.0,0.0,0.0,2,0,2
448,452,0.0,0.0,0.0,1,0,2
452,456,0.0,0.0,0.0,2,0,2
456,460,0.0,0.0,0.0,1,0,1
460,464,0.0,0.0,0.0,2,0,3
464,468,0.0,0.0,0.0,3,0,5
468,472,0.0,0.0,0.0,4,1,3
472,476,0.0,0.0,0.0,4,2,7
476,480,0.0,0.0,0.0,4,0,1
480,484,0.0,0.0,0.0,4,0,6
484,488,0.0,0.0,0.0,4,1,1
488,492,0.0,0.0,0.0,2,0,2
492,496,0.0,0.0,0.0,1,0,7
496,500,0.0,0.0,0.0,2,0,4
500,504,0.0,0.0,0.0,2,0,6
504,508,1.0,0.3333333333333333,0.5,3,1,2
508,512,0.0,0.0,0.0,2,0,3
512,516,0.0,0.0,0.0,2,0,6
516,520,0.0,0.0,0.0,2,0,2
520,524,1.0,0.1111111111111111,0.19999999999999998,9,1,3
524,528,0.5,0.1111111111111111,0.1818181818181818,9,2,3
528,532,0.4,0.3333333333333333,0.3636363636363636,6,5,6
532,536,0.6666666666666666,0.2857142857142857,0.4,7,3,7
536,540,0.75,0.42857142857142855,0.5454545454545454,7,4,6
540,544,0.46153846153846156,0.8571428571428571,0.6,7,13,41
544,548,0.6666666666666666,0.3333333333333333,0.4444444444444444,6,3,6
548,552,0.7142857142857143,0.8333333333333334,0.7692307692307692,6,7,48
552,556,0.8333333333333334,0.8333333333333334,0.8333333333333334,6,6,52
556,560,0.5,0.3333333333333333,0.4,6,4,10
560,564,0.75,0.5,0.6,6,4,9
564,568,0.6,0.5,0.5454545454545454,6,5,10
568,572,0.5,0.16666666666666666,0.25,6,2,4
572,576,0.0,0.0,0.0,7,2,10
576,580,0.6666666666666666,0.25,0.36363636363636365,8,3,8
580,584,0.375,0.8571428571428571,0.5217391304347825,7,16,110
584,588,0.0,0.0,0.0,8,0,2
588,592,0.0,0.0,0.0,8,0,7
592,596,1.0,0.25,0.4,8,2,7
596,600,1.0,0.42857142857142855,0.6,7,3,7
600,604,0.5,0.2,0.28571428571428575,5,2,6
604,608,0.0,0.0,0.0,4,0,3
608,612,0.0,0.0,0.0,3,0,8
612,616,1.0,0.25,0.4,4,1,2
616,620,0.3333333333333333,0.3333333333333333,0.3333333333333333,3,3,6
620,624,0.5,0.2,0.28571428571428575,5,2,4
624,628,0.5,0.16666666666666666,0.25,6,2,4
628,632,0.3333333333333333,0.2857142857142857,0.30769230769230765,7,6,8
632,636,0.6666666666666666,0.3333333333333333,0.4444444444444444,6,3,9
636,640,1.0,0.5714285714285714,0.7272727272727273,7,4,7
640,644,0.5,0.2,0.28571428571428575,5,2,3
644,648,0.0,0.0,0.0,6,0,2
648,652,0.0,0.0,0.0,8,0,2
652,656,0.0,0.0,0.0,7,0,4
656,660,1.0,0.14285714285714285,0.25,7,1,1
660,664,0.0,0.0,0.0,4,1,1
664,668,0.0,0.0,0.0,7,0,4
668,672,0.375,0.42857142857142855,0.39999999999999997,7,8,14
672,676,0.6,0.42857142857142855,0.5,7,5,7
676,680,0.75,0.42857142857142855,0.5454545454545454,7,4,9
680,684,0.0,0.0,0.0,6,0,2
684,688,0.5,0.25,0.3333333333333333,4,2,9
688,692,0.0,0.0,0.0,4,0,1
692,696,0.6666666666666666,0.5,0.5714285714285715,4,3,7
696,700,0.0,0.0,0.0,5,0,1
700,704,0.0,0.0,0.0,5,0,1
704,708,0.0,0.0,0.0,4,0,1
708,712,1.0,0.25,0.4,4,1,7
712,716,0.0,0.0,0.0,1,0,2
716,720,1.0,1.0,1.0,1,1,1
724,728,0.0,0.0,0.0,1,0,1
728,732,0.0,0.0,0.0,1,0,4
732,736,0.0,0.0,0.0,1,0,4
736,740,0.0,0.0,0.0,3,0,5
740,744,0.0,0.0,0.0,1,0,1
744,748,0.0,0.0,0.0,2,0,6
748,752,0.0,0.0,0.0,2,0,10
752,756,0.0,0.0,0.0,3,0,1
756,760,0.0,0.0,0.0,2,1,4
760,764,0.0,0.0,0.0,2,0,1
764,768,0.0,0.0,0.0,2,0,8
768,772,1.0,0.5,0.6666666666666666,2,1,6
772,776,0.0,0.0,0.0,2,1,9
776,780,0.0,0.0,0.0,3,0,2
780,784,0.0,0.0,0.0,3,0,2
784,788,0.0,0.0,0.0,4,0,1
788,792,0.0,0.0,0.0,4,0,9
792,796,1.0,0.25,0.4,4,1,8
796,800,0.0,0.0,0.0,2,0,1
800,804,0.0,0.0,0.0,2,1,2
804,808,0.0,0.0,0.0,1,0,2
808,812,1.0,0.5,0.6666666666666666,2,1,3
812,816,0.0,0.0,0.0,1,0,2
816,820,0.0,0.0,0.0,1,0,7
820,824,0.0,0.0,0.0,1,0,1
832,836,0.0,0.0,0.0,2,0,1
836,840,0.0,0.0,0.0,2,0,6
840,844,0.0,0.0,0.0,3,0,9
844,848,0.0,0.0,0.0,1,0,2
848,852,0.0,0.0,0.0,3,0,2
852,856,0.0,0.0,0.0,3,0,3
856,860,0.0,0.0,0.0,3,0,3
860,864,0.0,0.0,0.0,2,0,2
864,868,0.0,0.0,0.0,2,0,4
868,872,0.0,0.0,0.0,1,0,3
880,884,0.0,0.0,0.0,1,0,1
884,888,0.0,0.0,0.0,1,0,5
888,892,0.0,0.0,0.0,2,0,4
892,896,0.0,0.0,0.0,2,0,7
896,900,0.3333333333333333,0.25,0.28571428571428575,4,3,22
900,904,0.0,0.0,0.0,3,0,7
904,908,0.0,0.0,0.0,3,0,1
908,912,0.0,0.0,0.0,2,0,5
912,916,0.0,0.0,0.0,2,0,7
916,920,0.0,0.0,0.0,2,0,8
920,924,0.0,0.0,0.0,1,0,3
924,928,0.0,0.0,0.0,2,0,1
928,932,0.0,0.0,0.0,2,0,3
932,936,0.0,0.0,0.0,3,0,3
936,940,0.0,0.0,0.0,3,0,4
940,944,0.0,0.0,0.0,2,0,2
944,948,0.0,0.0,0.0,2,0,4
952,956,0.0,0.0,0.0,1,0,6
956,960,0.0,0.0,0.0,1,0,1
960,964,1.0,1.0,1.0,1,1,2
964,968,1.0,1.0,1.0,1,1,2
968,972,0.0,0.0,0.0,1,0,6
972,976,0.0,0.0,0.0,2,0,3
976,980,0.0,0.0,0.0,2,0,7
980,984,0.0,0.0,0.0,2,0,6
984,988,0.0,0.0,0.0,2,0,1
988,992,0.0,0.0,0.0,3,0,7
992,996,0.0,0.0,0.0,3,1,6
996,1000,0.0,0.0,0.0,1,0,3
1000,1004,0.0,0.0,0.0,1,0,3
1004,1008,0.0,0.0,0.0,1,0,5
1008,1012,0.0,0.0,0.0,2,0,1
1012,1016,0.0,0.0,0.0,2,0,1
1016,1020,0.0,0.0,0.0,4,1,3
1020,1024,0.0,0.0,0.0,4,0,4
1024,1028,0.0,0.0,0.0,4,0,3
1028,1032,0.0,0.0,0.0,4,0,2
1032,1036,0.0,0.0,0.0,4,1,3
1036,1040,0.0,0.0,0.0,4,1,4
1040,1044,0.0,0.0,0.0,4,0,10
1044,1048,0.0,0.0,0.0,5,0,2
1048,1052,0.0,0.0,0.0,5,1,2
1052,1056,0.0,0.0,0.0,3,1,5
1056,1060,0.0,0.0,0.0,4,4,10
1060,1064,0.0,0.0,0.0,5,1,4
1064,1068,0.0,0.0,0.0,5,1,8
1068,1072,0.0,0.0,0.0,3,0,5
1072,1076,0.0,0.0,0.0,3,0,10
1076,1080,0.0,0.0,0.0,2,0,4
1080,1084,0.0,0.0,0.0,3,0,15
1084,1088,0.0,0.0,0.0,2,0,12
1088,1092,0.0,0.0,0.0,1,0,8
1092,1096,0.0,0.0,0.0,1,0,11
1096,1100,0.0,0.0,0.0,2,0,3
1100,1104,0.0,0.0,0.0,2,0,8
1104,1108,0.0,0.0,0.0,3,0,1
1108,1112,0.16666666666666666,0.6,0.2608695652173913,5,18,101
1112,1116,0.0,0.0,0.0,5,0,1
1116,1120,1.0,0.2,0.33333333333333337,5,1,4
1120,1124,0.0,0.0,0.0,4,0,1
1124,1128,0.0,0.0,0.0,3,1,3
1128,1132,0.0,0.0,0.0,3,0,2
1132,1136,0.0,0.0,0.0,4,0,1
1136,1140,0.0,0.0,0.0,1,0,4
1140,1144,0.0,0.0,0.0,1,0,5
1144,1148,0.5,1.0,0.6666666666666666,1,2,3
1180,1184,0.0,0.0,0.0,1,0,7
1184,1188,0.0,0.0,0.0,1,0,18
1188,1192,0.0,0.0,0.0,2,0,6
1192,1196,1.0,0.5,0.6666666666666666,2,1,19
1196,1200,0.0,0.0,0.0,2,0,4
1200,1204,0.0,0.0,0.0,1,0,12
1204,1208,0.0,0.0,0.0,1,0,4
1208,1212,0.0,0.0,0.0,1,0,2
1212,1216,0.0,0.0,0.0,3,0,2
1216,1220,0.0,0.0,0.0,3,1,7
1220,1224,0.0,0.0,0.0,4,0,3
1224,1228,0.0,0.0,0.0,4,0,7
1228,1232,0.0,0.0,0.0,3,0,2
1232,1236,0.0,0.0,0.0,4,0,6
1236,1240,1.0,0.3333333333333333,0.5,3,1,4
1240,1244,0.0,0.0,0.0,2,1,7
1244,1248,1.0,0.25,0.4,4,1,9
1248,1252,0.0,0.0,0.0,4,0,6
1252,1256,0.0,0.0,0.0,3,0,10
1256,1260,0.0,0.0,0.0,3,0,4
1260,1264,0.0,0.0,0.0,4,0,9
1264,1268,0.15384615384615385,0.5,0.23529411764705882,4,13,113
1268,1272,1.0,0.2,0.33333333333333337,5,1,3
1272,1276,0.0,0.0,0.0,5,0,5
1276,1280,0.0,0.0,0.0,5,0,6
1280,1284,0.5,0.4,0.4444444444444445,5,4,12
1284,1288,1.0,0.5,0.6666666666666666,4,2,20
1288,1292,0.0,0.0,0.0,4,0,1
1292,1296,0.0,0.0,0.0,6,1,11
1296,1300,0.0,0.0,0.0,4,15,104
1300,1304,0.0,0.0,0.0,4,0,4
1304,1308,0.0,0.0,0.0,4,0,6
1308,1312,0.0,0.0,0.0,5,0,7
1312,1316,0.0,0.0,0.0,5,0,6
1316,1320,0.0,0.0,0.0,3,1,8
1320,1324,0.0,0.0,0.0,4,1,2
1324,1328,0.0,0.0,0.0,3,0,1
1328,1332,0.0,0.0,0.0,3,0,7
1332,1336,0.0,0.0,0.0,3,0,11
1336,1340,0.0,0.0,0.0,3,0,7
1340,1344,0.0,0.0,0.0,4,0,9
1344,1348,0.0,0.0,0.0,3,0,6
1348,1352,0.0,0.0,0.0,2,0,1
1352,1356,0.0,0.0,0.0,2,0,1
1356,1360,0.0,0.0,0.0,4,3,9
1360,1364,0.2,0.2,0.20000000000000004,5,5,13
1364,1368,0.0,0.0,0.0,3,0,4
1368,1372,0.8,0.6666666666666666,0.7272727272727272,6,5,90
1372,1376,0.0,0.0,0.0,4,1,1
1376,1380,0.0,0.0,0.0,2,1,6
1380,1384,0.0,0.0,0.0,3,0,2
1384,1388,0.0,0.0,0.0,3,0,3
1388,1392,0.0,0.0,0.0,2,0,6
1392,1396,0.0,0.0,0.0,3,0,2
1396,1400,0.0,0.0,0.0,3,0,1
1400,1404,0.0,0.0,0.0,3,0,1
1404,1408,0.0,0.0,0.0,2,0,3
1408,1412,0.0,0.0,0.0,3,0,3
1412,1416,0.0,0.0,0.0,5,0,1
1416,1420,0.0,0.0,0.0,4,0,2
1420,1424,1.0,0.3333333333333333,0.5,3,1,6
1424,1428,0.0,0.0,0.0,3,0,3
1428,1432,0.0,0.0,0.0,2,1,6
1432,1436,0.0,0.0,0.0,4,1,7
1436,1440,0.0,0.0,0.0,4,1,8
1440,1444,0.0,0.0,0.0,6,2,8
1444,1448,0.5,0.2,0.28571428571428575,5,2,10
1448,1452,0.3333333333333333,0.16666666666666666,0.2222222222222222,6,3,7
1452,1456,0.5,0.1111111111111111,0.1818181818181818,9,2,4
1456,1460,0.0,0.0,0.0,12,0,5
1460,1464,1.0,0.09090909090909091,0.16666666666666669,11,1,4
1464,1468,0.3333333333333333,0.1111111111111111,0.16666666666666666,9,3,7
1468,1472,0.5,0.1111111111111111,0.1818181818181818,9,2,6
1472,1476,1.0,0.1,0.18181818181818182,10,1,5
1476,1480,0.0,0.0,0.0,11,0,4
1480,1484,0.0,0.0,0.0,9,0,3
1484,1488,1.0,0.25,0.4,8,2,7
1488,1492,1.0,0.2,0.33333333333333337,10,2,5
1492,1496,0.0,0.0,0.0,8,0,2
1496,1500,0.0,0.0,0.0,7,0,2
1500,1504,0.0,0.0,0.0,7,0,2
1504,1508,1.0,0.16666666666666666,0.2857142857142857,6,1,2
1508,1512,0.0,0.0,0.0,3,0,2
1512,1516,0.0,0.0,0.0,3,0,3
1516,1520,0.0,0.0,0.0,4,0,4
1520,1524,0.3333333333333333,0.16666666666666666,0.2222222222222222,6,3,7
1524,1528,0.0,0.0,0.0,8,0,1
1528,1532,0.0,0.0,0.0,7,0,3
1532,1536,0.0,0.0,0.0,4,0,4
1536,1540,1.0,0.2,0.33333333333333337,5,1,3
1540,1544,0.0,0.0,0.0,2,0,1
1544,1548,0.0,0.0,0.0,3,0,1
1548,1552,0.0,0.0,0.0,5,0,1
1552,1556,0.0,0.0,0.0,4,0,2
1556,1560,1.0,0.2,0.33333333333333337,5,1,16
1560,1564,0.0,0.0,0.0,4,0,13
1564,1568,0.0,0.0,0.0,3,0,8
1568,1572,0.0,0.0,0.0,4,0,13
1572,1576,0.25,0.5,0.3333333333333333,4,8,86
1576,1580,1.0,0.25,0.4,4,1,8
1580,1584,0.0,0.0,0.0,2,0,1
1584,1588,0.0,0.0,0.0,2,0,8
1588,1592,0.0,0.0,0.0,1,0,1
1592,1596,0.0,0.0,0.0,1,0,5
1596,1600,0.0,0.0,0.0,1,0,1
1600,1604,0.0,0.0,0.0,3,0,5
1604,1608,0.0,0.0,0.0,3,0,1
1608,1612,0.0,0.0,0.0,3,0,3
1612,1616,0.0,0.0,0.0,3,1,7
1616,1620,1.0,0.3333333333333333,0.5,3,1,9
1620,1624,0.0,0.0,0.0,3,0,1
1624,1628,0.0,0.0,0.0,2,0,2
1628,1632,0.0,0.0,0.0,3,0,17
1632,1636,1.0,0.5,0.6666666666666666,4,2,18
1636,1640,0.6666666666666666,0.4,0.5,5,3,26
1640,1644,0.0,0.0,0.0,5,0,12
1644,1648,0.0,0.0,0.0,6,0,6
1648,1652,1.0,0.16666666666666666,0.2857142857142857,6,1,4
1652,1656,0.0,0.0,0.0,3,0,1
1656,1660,0.0,0.0,0.0,3,0,7
1660,1664,1.0,1.0,1.0,1,1,3
1664,1668,0.0,0.0,0.0,1,0,1
1668,1672,0.0,0.0,0.0,1,0,1
1672,1676,0.0,0.0,0.0,1,0,5
1676,1680,0.0,0.0,0.0,2,0,3
1680,1684,0.0,0.0,0.0,2,0,7
1684,1688,0.0,0.0,0.0,1,0,12
1688,1692,0.0,0.0,0.0,1,0,12
1692,1696,1.0,1.0,1.0,1,1,1
1696,1700,0.0,0.0,0.0,1,0,3
1700,1704,0.0,0.0,0.0,1,0,1
1704,1708,0.0,0.0,0.0,1,1,7
1708,1712,0.0,0.0,0.0,2,0,8
1712,1716,0.0,0.0,0.0,1,0,12
1716,1720,0.0,0.0,0.0,2,0,4
1720,1724,0.0,0.0,0.0,2,0,13
1724,1728,0.0,0.0,0.0,2,0,13
1728,1732,1.0,0.25,0.4,4,1,11
1732,1736,0.0,0.0,0.0,3,0,13
1736,1740,0.0,0.0,0.0,2,1,4
1740,1744,0.0,0.0,0.0,2,1,4
1744,1748,0.0,0.0,0.0,1,0,1
1748,1752,0.0,0.0,0.0,1,0,10
1752,1756,0.0,0.0,0.0,2,0,17
1756,1760,0.0,0.0,0.0,2,1,6
1760,1764,0.0,0.0,0.0,1,0,6
1764,1768,0.0,0.0,0.0,1,0,4
1768,1772,0.0,0.0,0.0,2,2,29
1772,1776,0.0,0.0,0.0,1,0,4
1776,1780,0.0,0.0,0.0,1,0,5
1780,1784,0.0,0.0,0.0,3,1,5
1784,1788,0.0,0.0,0.0,2,0,6
1788,1792,0.0,0.0,0.0,2,0,6
1792,1796,0.0,0.0,0.0,2,1,10
1796,1800,0.0,0.0,0.0,2,0,1
1800,1804,1.0,0.25,0.4,4,1,7
1804,1808,0.0,0.0,0.0,3,1,7
1808,1812,0.0,0.0,0.0,3,2,4
1812,1816,0.0,0.0,0.0,2,0,3
1816,1820,0.0,0.0,0.0,2,0,2
1820,1824,0.0,0.0,0.0,2,1,9
1824,1828,0.3333333333333333,0.3333333333333333,0.3333333333333333,3,3,13
1828,1832,0.0,0.0,0.0,2,0,12
1832,1836,0.0,0.0,0.0,2,0,12
1836,1840,0.0,0.0,0.0,2,0,8
1840,1844,0.0,0.0,0.0,1,0,3
1844,1848,0.0,0.0,0.0,2,0,2
1848,1852,0.0,0.0,0.0,2,0,11
1852,1856,0.0,0.0,0.0,2,1,4
1856,1860,0.0,0.0,0.0,3,0,4
1860,1864,0.0,0.0,0.0,2,4,6
1864,1868,1.0,0.3333333333333333,0.5,3,1,1
1868,1872,0.0,0.0,0.0,3,2,10
1872,1876,0.0,0.0,0.0,3,0,4
1876,1880,0.0,0.0,0.0,2,0,1
1892,1896,0.0,0.0,0.0,1,0,11
1896,1900,0.0,0.0,0.0,1,0,4
1900,1904,0.0,0.0,0.0,1,0,3
1904,1908,0.0,0.0,0.0,2,0,1
1908,1912,0.0,0.0,0.0,2,1,1
1912,1916,0.0,0.0,0.0,2,0,3
1916,1920,0.0,0.0,0.0,1,0,3
1920,1924,0.5,0.3333333333333333,0.4,3,2,13
1924,1928,0.0,0.0,0.0,3,0,1
1928,1932,0.0,0.0,0.0,2,0,5
1932,1936,0.0,0.0,0.0,2,0,11
1936,1940,0.5,0.3333333333333333,0.4,3,2,18
1940,1944,0.0,0.0,0.0,2,0,20
1944,1948,0.0,0.0,0.0,2,0,17
1948,1952,0.0,0.0,0.0,1,0,18
1952,1956,1.0,0.3333333333333333,0.5,3,1,10
1956,1960,0.0,0.0,0.0,2,0,8
1960,1964,1.0,0.3333333333333333,0.5,3,1,9
1964,1968,0.6666666666666666,0.6666666666666666,0.6666666666666666,3,3,12
1968,1972,0.0,0.0,0.0,1,0,3
1972,1976,0.0,0.0,0.0,2,0,1
1976,1980,0.0,0.0,0.0,2,0,2
1980,1984,0.0,0.0,0.0,3,0,2
1984,1988,1.0,0.3333333333333333,0.5,3,1,8
1988,1992,0.0,0.0,0.0,2,0,7
1992,1996,0.0,0.0,0.0,2,0,14
1996,2000,1.0,0.5,0.6666666666666666,2,1,9
2000,2004,0.0,0.0,0.0,2,0,16
2004,2008,0.0,0.0,0.0,2,0,2
2008,2012,0.0,0.0,0.0,3,0,10
2012,2016,0.0,0.0,0.0,3,0,4
2016,2020,0.0,0.0,0.0,2,0,6
2020,2024,0.0,0.0,0.0,2,0,1
2024,2028,0.0,0.0,0.0,2,1,10
2028,2032,0.0,0.0,0.0,2,0,12
2032,2036,0.0,0.0,0.0,3,0,8
2036,2040,0.0,0.0,0.0,3,0,9
2040,2044,0.0,0.0,0.0,3,0,3
2044,2048,0.0,0.0,0.0,2,0,4
2048,2052,1.0,0.5,0.6666666666666666,2,1,5
2052,2056,0.0,0.0,0.0,1,2,17
2076,2080,1.0,1.0,1.0,1,1,13
2100,2104,0.0,0.0,0.0,1,0,3
2104,2108,0.0,0.0,0.0,1,0,5
2108,2112,0.0,0.0,0.0,1,0,19
2112,2116,1.0,0.5,0.6666666666666666,2,1,23
2116,2120,0.0,0.0,0.0,4,0,15
2120,2124,0.0,0.0,0.0,3,0,11
2124,2128,0.0,0.0,0.0,3,0,10
2128,2132,0.0,0.0,0.0,3,0,2
2132,2136,0.0,0.0,0.0,1,0,1
2136,2140,0.0,0.0,0.0,1,0,4
2140,2144,0.0,0.0,0.0,2,1,7
2144,2148,0.0,0.0,0.0,1,0,4
2148,2152,0.0,0.0,0.0,1,0,4
2152,2156,0.0,0.0,0.0,1,0,3
2156,2160,0.0,0.0,0.0,1,0,1
2172,2176,0.0,0.0,0.0,1,0,3
2176,2180,0.0,0.0,0.0,1,0,6
2180,2184,0.0,0.0,0.0,1,1,7
2184,2188,0.0,0.0,0.0,1,0,4
2188,2192,0.0,0.0,0.0,1,0,10
2192,2196,0.0,0.0,0.0,2,0,4
2196,2200,0.0,0.0,0.0,3,0,1
2200,2204,0.0,0.0,0.0,3,1,3
2204,2208,0.0,0.0,0.0,4,0,4
2208,2212,0.0,0.0,0.0,3,0,9
2212,2216,0.0,0.0,0.0,2,0,5
2216,2220,0.0,0.0,0.0,1,0,4
2220,2224,0.5,0.6666666666666666,0.5714285714285715,3,4,9
2224,2228,0.5,0.3333333333333333,0.4,3,2,10
2228,2232,0.0,0.0,0.0,4,0,2
2232,2236,0.0,0.0,0.0,1,0,2
2236,2240,0.0,0.0,0.0,1,0,1
2240,2244,0.0,0.0,0.0,1,0,4
2244,2248,0.0,0.0,0.0,1,0,2
2248,2252,0.0,0.0,0.0,1,1,6
2252,2256,0.0,0.0,0.0,1,1,5
2256,2260,0.0,0.0,0.0,1,1,3
2260,2264,0.0,0.0,0.0,1,1,8
2264,2268,0.0,0.0,0.0,1,2,7
2268,2272,0.0,0.0,0.0,2,0,3
2272,2276,0.0,0.0,0.0,2,0,6
2276,2280,0.0,0.0,0.0,2,0,5
2280,2284,1.0,0.5,0.6666666666666666,2,1,1
2284,2288,1.0,0.6666666666666666,0.8,3,2,7
2288,2292,1.0,0.3333333333333333,0.5,3,1,7
2292,2296,0.5,0.25,0.3333333333333333,4,2,4
2296,2300,0.0,0.0,0.0,3,2,8
2300,2304,0.0,0.0,0.0,3,0,3
2304,2308,0.0,0.0,0.0,3,0,6
2308,2312,0.5,0.3333333333333333,0.4,3,2,11
2312,2316,1.0,0.3333333333333333,0.5,3,1,15
2316,2320,0.6666666666666666,0.5,0.5714285714285715,4,3,10
2320,2324,0.0,0.0,0.0,5,0,6
2324,2328,0.0,0.0,0.0,6,0,4
2328,2332,0.0,0.0,0.0,5,0,3
2332,2336,0.0,0.0,0.0,4,0,7
2336,2340,0.0,0.0,0.0,4,0,6
2340,2344,0.0,0.0,0.0,3,0,5
2344,2348,0.5,0.3333333333333333,0.4,3,2,7
2348,2352,0.0,0.0,0.0,2,0,4
2352,2356,0.5,0.25,0.3333333333333333,4,2,10
2356,2360,0.0,0.0,0.0,3,0,8
2360,2364,0.0,0.0,0.0,4,1,9
2364,2368,0.0,0.0,0.0,3,0,5
2368,2372,0.0,0.0,0.0,2,1,3
2372,2376,0.0,0.0,0.0,1,0,4
2376,2380,0.0,0.0,0.0,2,0,3
2380,2384,0.0,0.0,0.0,1,0,1
2384,2388,0.0,0.0,0.0,2,0,3
2388,2392,0.0,0.0,0.0,2,1,11
2392,2396,0.0,0.0,0.0,2,0,6
2396,2400,0.0,0.0,0.0,1,0,9
2400,2404,0.0,0.0,0.0,2,0,5
2404,2408,0.0,0.0,0.0,1,0,5
2408,2412,0.0,0.0,0.0,1,0,1
2412,2416,0.0,0.0,0.0,1,0,3
2416,2420,0.0,0.0,0.0,3,0,5
2420,2424,0.0,0.0,0.0,3,1,4
2424,2428,0.0,0.0,0.0,2,0,1
2428,2432,0.0,0.0,0.0,2,0,4
2432,2436,0.0,0.0,0.0,2,1,6
2436,2440,0.0,0.0,0.0,2,1,6
2440,2444,1.0,0.5,0.6666666666666666,2,1,5
2444,2448,0.0,0.0,0.0,1,0,9
2448,2452,0.0,0.0,0.0,2,0,5
2452,2456,1.0,0.5,0.6666666666666666,2,1,3
2460,2464,0.0,0.0,0.0,1,0,2
2464,2468,0.0,0.0,0.0,1,0,4
2468,2472,0.0,0.0,0.0,2,0,5
2472,2476,0.0,0.0,0.0,2,0,2
2476,2480,0.0,0.0,0.0,3,0,4
2480,2484,0.0,0.0,0.0,3,0,6
2484,2488,0.0,0.0,0.0,3,0,6
2488,2492,0.0,0.0,0.0,3,0,5
2492,2496,0.0,0.0,0.0,3,0,4
2496,2500,0.0,0.0,0.0,3,0,1
2500,2504,1.0,0.3333333333333333,0.5,3,1,4
2504,2508,0.0,0.0,0.0,3,0,4
2508,2512,0.0,0.0,0.0,3,5,11
2512,2516,0.5,0.5,0.5,4,4,7
2516,2520,1.0,0.3333333333333333,0.5,3,1,1
2520,2524,0.0,0.0,0.0,3,0,1
2524,2528,0.0,0.0,0.0,4,3,5
2528,2532,0.0,0.0,0.0,4,0,5
2532,2536,0.6666666666666666,0.4,0.5,5,3,6
2536,2540,0.3333333333333333,0.25,0.28571428571428575,4,3,7
2540,2544,0.0,0.0,0.0,2,0,2
2544,2548,0.0,0.0,0.0,3,0,1
2548,2552,0.0,0.0,0.0,2,0,2
2552,2556,0.0,0.0,0.0,2,0,5
2556,2560,1.0,0.6666666666666666,0.8,3,2,12
2560,2564,0.0,0.0,0.0,4,0,4
2564,2568,0.0,0.0,0.0,4,0,4
2568,2572,0.0,0.0,0.0,3,0,1
2572,2576,0.0,0.0,0.0,3,0,7
2576,2580,1.0,0.2,0.33333333333333337,5,1,3
2580,2584,0.5,0.3333333333333333,0.4,3,2,6
2584,2588,1.0,0.3333333333333333,0.5,3,1,2
2588,2592,1.0,0.5,0.6666666666666666,4,2,6
2592,2596,1.0,0.3333333333333333,0.5,3,1,1
2596,2600,0.0,0.0,0.0,2,0,4
2600,2604,0.0,0.0,0.0,2,0,2
2604,2608,0.0,0.0,0.0,1,0,4
2608,2612,0.0,0.0,0.0,1,0,6
2612,2616,0.0,0.0,0.0,3,0,8
2616,2620,1.0,0.25,0.4,4,1,9
2620,2624,0.0,0.0,0.0,3,0,4
2624,2628,0.0,0.0,0.0,3,0,6
2628,2632,0.0,0.0,0.0,3,0,8
2632,2636,0.0,0.0,0.0,3,1,6
2636,2640,0.0,0.0,0.0,3,0,4
2640,2644,1.0,0.3333333333333333,0.5,3,1,2
2644,2648,0.5,0.5,0.5,2,2,5
2648,2652,0.0,0.0,0.0,3,0,7
2652,2656,0.0,0.0,0.0,4,0,5
2656,2660,0.0,0.0,0.0,4,0,7
2660,2664,0.0,0.0,0.0,4,0,4
2664,2668,0.0,0.0,0.0,3,1,8
2668,2672,0.0,0.0,0.0,3,0,8
2672,2676,1.0,0.25,0.4,4,1,2
2676,2680,0.0,0.0,0.0,2,0,2
2680,2684,0.0,0.0,0.0,3,1,4
2684,2688,0.0,0.0,0.0,3,0,2
2688,2692,0.0,0.0,0.0,5,1,4
2692,2696,0.0,0.0,0.0,6,2,12
2696,2700,0.0,0.0,0.0,7,2,10
2700,2704,0.0,0.0,0.0,7,1,12
2704,2708,0.0,0.0,0.0,7,0,8
2708,2712,1.0,0.14285714285714285,0.25,7,1,7
2712,2716,0.0,0.0,0.0,6,1,6
2716,2720,1.0,0.16666666666666666,0.2857142857142857,6,1,5
2720,2724,0.0,0.0,0.0,6,0,7
2724,2728,1.0,0.16666666666666666,0.2857142857142857,6,1,3
2728,2732,0.0,0.0,0.0,4,0,2
2732,2736,0.5,0.2,0.28571428571428575,5,2,5
2736,2740,0.0,0.0,0.0,3,0,2
2740,2744,0.0,0.0,0.0,3,0,2
2744,2748,1.0,0.3333333333333333,0.5,3,1,3
2748,2752,0.0,0.0,0.0,3,1,9
2752,2756,0.0,0.0,0.0,3,1,21
2756,2760,0.0,0.0,0.0,4,0,8
2760,2764,0.0,0.0,0.0,4,0,16
2764,2768,0.0,0.0,0.0,4,0,11
2768,2772,0.3333333333333333,0.25,0.28571428571428575,4,3,16
2772,2776,1.0,0.25,0.4,4,1,5
2776,2780,0.0,0.0,0.0,4,0,2
2780,2784,0.5,0.25,0.3333333333333333,4,2,6
2784,2788,0.0,0.0,0.0,3,0,6
2788,2792,0.0,0.0,0.0,4,1,3
2792,2796,0.0,0.0,0.0,3,3,6
2796,2800,0.0,0.0,0.0,2,1,4
2800,2804,0.0,0.0,0.0,2,1,3
2804,2808,0.0,0.0,0.0,3,0,4
2808,2812,0.0,0.0,0.0,3,0,1
2812,2816,0.0,0.0,0.0,2,0,3
2816,2820,0.0,0.0,0.0,2,6,120
2820,2824,0.0,0.0,0.0,1,1,4
2824,2828,0.0,0.0,0.0,2,0,2
2828,2832,0.0,0.0,0.0,2,0,2
2832,2836,0.0,0.0,0.0,3,1,5
2836,2840,0.0,0.0,0.0,3,2,4
2840,2844,0.0,0.0,0.0,3,0,1
2844,2848,0.0,0.0,0.0,3,0,4
2848,2852,0.0,0.0,0.0,2,0,9
2852,2856,0.0,0.0,0.0,1,0,8
2872,2876,0.0,0.0,0.0,2,0,1
2876,2880,1.0,0.5,0.6666666666666666,2,1,3
2880,2884,0.0,0.0,0.0,1,0,1
2884,2888,0.0,0.0,0.0,1,0,2
2888,2892,1.0,1.0,1.0,1,1,1
2896,2900,0.0,0.0,0.0,1,0,2
2900,2904,0.0,0.0,0.0,2,0,2
2904,2908,0.0,0.0,0.0,2,0,2
2908,2912,0.0,0.0,0.0,2,0,1
2912,2916,0.0,0.0,0.0,1,0,1
2916,2920,0.0,0.0,0.0,2,0,5
2920,2924,0.0,0.0,0.0,2,0,2
2924,2928,0.0,0.0,0.0,2,0,4
2928,2932,0.0,0.0,0.0,2,0,7
2932,2936,0.0,0.0,0.0,3,0,2
2936,2940,1.0,0.25,0.4,4,1,5
2940,2944,0.0,0.0,0.0,4,2,8
2944,2948,0.0,0.0,0.0,6,1,2
2948,2952,0.25,0.14285714285714285,0.18181818181818182,7,4,5
2952,2956,0.5,0.16666666666666666,0.25,6,2,2
2956,2960,0.0,0.0,0.0,6,0,2
2960,2964,0.5,0.16666666666666666,0.25,6,2,5
2964,2968,0.5,0.6666666666666666,0.5714285714285715,6,8,13
2968,2972,0.0,0.0,0.0,3,1,1
2972,2976,0.0,0.0,0.0,3,0,3
2976,2980,0.0,0.0,0.0,4,0,6
2980,2984,0.0,0.0,0.0,1,0,12
2984,2988,0.0,0.0,0.0,3,1,11
2988,2992,0.0,0.0,0.0,3,1,18
2992,2996,0.0,0.0,0.0,4,2,23
2996,3000,0.5,0.25,0.3333333333333333,4,2,6
3000,3004,0.0,0.0,0.0,2,0,3
3004,3008,1.0,0.3333333333333333,0.5,3,1,4
3008,3012,0.0,0.0,0.0,2,0,4
3012,3016,0.5,0.5,0.5,2,2,7
3016,3020,0.0,0.0,0.0,1,1,6
3020,3024,0.0,0.0,0.0,1,0,1
3024,3028,1.0,1.0,1.0,1,1,1
3040,3044,0.0,0.0,0.0,2,0,3
3044,3048,0.0,0.0,0.0,2,1,4
3048,3052,1.0,0.25,0.4,4,1,5
3052,3056,1.0,0.2,0.33333333333333337,5,1,3
3056,3060,0.0,0.0,0.0,3,0,1
3060,3064,0.0,0.0,0.0,2,0,1
3064,3068,0.0,0.0,0.0,3,0,2
3068,3072,0.0,0.0,0.0,2,0,1
3072,3076,0.0,0.0,0.0,3,0,9
3076,3080,0.0,0.0,0.0,2,3,10
3080,3084,0.0,0.0,0.0,2,0,3
3084,3088,0.0,0.0,0.0,3,2,10
3088,3092,1.0,0.3333333333333333,0.5,3,1,1
3092,3096,0.0,0.0,0.0,3,0,3
3096,3100,0.0,0.0,0.0,3,0,7
3100,3104,0.0,0.0,0.0,4,0,6
3104,3108,0.0,0.0,0.0,4,1,15
3108,3112,0.0,0.0,0.0,3,0,7
3112,3116,0.0,0.0,0.0,3,0,4
3116,3120,0.0,0.0,0.0,3,0,5
3120,3124,0.0,0.0,0.0,3,0,3
3124,3128,0.0,0.0,0.0,2,0,1
3128,3132,0.0,0.0,0.0,3,1,4
3132,3136,0.0,0.0,0.0,3,0,1
3136,3140,0.0,0.0,0.0,3,0,3
3140,3144,0.0,0.0,0.0,4,0,3
3144,3148,1.0,0.25,0.4,4,1,9
3148,3152,0.0,0.0,0.0,4,0,2
3152,3156,0.0,0.0,0.0,3,0,7
3156,3160,0.0,0.0,0.0,4,1,4
3160,3164,0.0,0.0,0.0,4,2,9
3164,3168,0.0,0.0,0.0,3,0,1
3168,3172,0.0,0.0,0.0,2,0,1
3172,3176,0.5,0.5,0.5,2,2,7
3176,3180,0.0,0.0,0.0,1,0,4
3188,3192,0.0,0.0,0.0,1,0,2
3192,3196,0.0,0.0,0.0,3,0,2
3196,3200,0.0,0.0,0.0,3,0,3
3200,3204,1.0,0.25,0.4,4,1,4
3204,3208,0.0,0.0,0.0,3,0,1
3208,3212,0.0,0.0,0.0,3,0,2
3212,3216,1.0,0.25,0.4,4,1,2
3216,3220,0.0,0.0,0.0,4,0,2
3220,3224,0.0,0.0,0.0,4,1,4
3224,3228,0.0,0.0,0.0,4,1,9
3228,3232,0.0,0.0,0.0,4,1,3
3232,3236,0.0,0.0,0.0,3,2,7
3236,3240,0.0,0.0,0.0,4,0,2
3240,3244,0.0,0.0,0.0,5,0,2
3244,3248,0.0,0.0,0.0,4,1,11
3248,3252,0.0,0.0,0.0,2,0,5
3252,3256,0.0,0.0,0.0,2,0,11
3256,3260,1.0,0.14285714285714285,0.25,7,1,3
3260,3264,0.0,0.0,0.0,6,0,5
3264,3268,1.0,0.16666666666666666,0.2857142857142857,6,1,2
3268,3272,0.0,0.0,0.0,4,0,2
3272,3276,1.0,0.2,0.33333333333333337,5,1,5
3276,3280,0.0,0.0,0.0,6,1,10
3280,3284,0.5,0.16666666666666666,0.25,6,2,8
3284,3288,1.0,0.25,0.4,4,1,9
3288,3292,0.0,0.0,0.0,2,1,10
3292,3296,0.0,0.0,0.0,3,1,6
3296,3300,0.25,0.3333333333333333,0.28571428571428575,3,4,24
3300,3304,1.0,0.3333333333333333,0.5,3,1,6
3304,3308,0.0,0.0,0.0,2,0,13
3308,3312,0.0,0.0,0.0,3,0,5
3312,3316,0.0,0.0,0.0,2,1,3
3316,3320,0.0,0.0,0.0,1,0,4
3320,3324,0.0,0.0,0.0,2,0,3
3324,3328,0.0,0.0,0.0,1,0,2
3328,3332,0.0,0.0,0.0,2,0,3
3332,3336,0.0,0.0,0.0,2,0,4
3336,3340,0.5,0.5,0.5,2,2,5
3340,3344,0.0,0.0,0.0,1,0,9
3344,3348,0.0,0.0,0.0,2,0,6
3348,3352,0.0,0.0,0.0,1,0,13
3352,3356,0.0,0.0,0.0,1,0,6
3356,3360,0.0,0.0,0.0,1,0,7
3360,3364,0.0,0.0,0.0,3,0,4
3364,3368,0.0,0.0,0.0,2,0,1
3368,3372,1.0,0.3333333333333333,0.5,3,1,3
3372,3376,0.0,0.0,0.0,2,0,1
3376,3380,0.0,0.0,0.0,2,0,5
3380,3384,0.0,0.0,0.0,2,0,5
3384,3388,0.0,0.0,0.0,2,0,2
3388,3392,0.0,0.0,0.0,2,0,2
3392,3396,0.0,0.0,0.0,1,0,3
3396,3400,0.0,0.0,0.0,1,0,2
3400,3404,0.0,0.0,0.0,1,0,4
3404,3408,0.0,0.0,0.0,3,0,1
3420,3424,0.0,0.0,0.0,2,0,2
3424,3428,0.0,0.0,0.0,3,0,5
3428,3432,0.0,0.0,0.0,4,0,3
3432,3436,0.0,0.0,0.0,3,0,4
3436,3440,0.0,0.0,0.0,3,0,2
3440,3444,0.0,0.0,0.0,3,1,7
3444,3448,0.0,0.0,0.0,3,0,9
3448,3452,0.0,0.0,0.0,2,0,6
3452,3456,0.0,0.0,0.0,1,0,1
3456,3460,0.0,0.0,0.0,1,0,3
3460,3464,0.0,0.0,0.0,1,0,1
3464,3468,0.0,0.0,0.0,2,0,5
3468,3472,0.0,0.0,0.0,4,1,9
3472,3476,0.0,0.0,0.0,5,0,1
3476,3480,0.0,0.0,0.0,4,0,4
3480,3484,0.0,0.0,0.0,3,1,7
3484,3488,0.0,0.0,0.0,3,0,4
3488,3492,0.0,0.0,0.0,2,0,11
3492,3496,0.0,0.0,0.0,2,0,4
3496,3500,0.0,0.0,0.0,2,2,9
3500,3504,0.0,0.0,0.0,2,0,9
3504,3508,0.0,0.0,0.0,2,0,6
3508,3512,1.0,0.25,0.4,4,1,4
3512,3516,1.0,0.09090909090909091,0.16666666666666669,11,1,3
3516,3520,0.3333333333333333,0.14285714285714285,0.2,7,3,4
3520,3524,0.0,0.0,0.0,7,0,1
3524,3528,0.6666666666666666,0.25,0.36363636363636365,8,3,8
3528,3532,0.0,0.0,0.0,7,2,6
3532,3536,0.0,0.0,0.0,8,1,4
3536,3540,0.5,0.6666666666666666,0.5714285714285715,9,12,24
3540,3544,0.75,0.6666666666666666,0.7058823529411765,9,8,19
3544,3548,0.0,0.0,0.0,7,1,6
3548,3552,0.75,0.3333333333333333,0.46153846153846156,9,4,12
3552,3556,1.0,0.25,0.4,8,2,7
3556,3560,0.75,0.42857142857142855,0.5454545454545454,7,4,7
3560,3564,0.6,0.6,0.6,5,5,8
3564,3568,0.0,0.0,0.0,4,0,7
3568,3572,0.0,0.0,0.0,4,0,1
3572,3576,0.0,0.0,0.0,3,0,2
3576,3580,0.0,0.0,0.0,4,0,2
3580,3584,0.6666666666666666,0.3333333333333333,0.4444444444444444,6,3,6
3584,3588,0.5,0.42857142857142855,0.4615384615384615,7,6,9
3588,3592,1.0,0.16666666666666666,0.2857142857142857,6,1,4
3592,3596,0.6666666666666666,0.3333333333333333,0.4444444444444444,6,3,6
3596,3600,0.0,0.0,0.0,7,0,1
3600,3604,0.0,0.0,0.0,6,0,2
3604,3608,0.0,0.0,0.0,5,0,4
3608,3612,1.0,0.2,0.33333333333333337,5,1,4
3612,3616,0.0,0.0,0.0,8,2,4
3616,3620,0.2857142857142857,0.25,0.26666666666666666,8,7,10
3620,3624,0.25,0.2222222222222222,0.23529411764705882,9,8,10
3624,3628,0.0,0.0,0.0,8,1,7
3628,3632,0.75,0.5,0.6,6,4,7
3632,3636,1.0,0.6666666666666666,0.8,3,2,13
3636,3640,0.0,0.0,0.0,5,0,1
3640,3644,0.0,0.0,0.0,4,0,1
3644,3648,0.6666666666666666,0.4,0.5,5,3,5
3648,3652,0.0,0.0,0.0,4,0,1
3652,3656,0.0,0.0,0.0,5,1,2
3656,3660,0.0,0.0,0.0,3,0,2
3660,3664,0.0,0.0,0.0,2,0,4
3664,3668,0.0,0.0,0.0,3,0,4
3668,3672,0.0,0.0,0.0,2,0,2
3672,3676,0.0,0.0,0.0,3,0,1
3676,3680,0.0,0.0,0.0,3,0,1
3680,3684,0.0,0.0,0.0,1,0,2
3684,3688,0.0,0.0,0.0,2,0,2
3688,3692,0.0,0.0,0.0,3,0,1
3692,3696,0.0,0.0,0.0,3,0,1
3696,3700,0.0,0.0,0.0,2,0,1
3700,3704,0.0,0.0,0.0,2,0,1
3704,3708,0.0,0.0,0.0,2,0,4
3708,3712,0.5,0.5,0.5,2,2,6
3712,3716,0.0,0.0,0.0,4,0,2
3716,3720,0.0,0.0,0.0,3,0,1
3720,3724,0.0,0.0,0.0,4,0,1
3724,3728,0.0,0.0,0.0,4,0,2
3728,3732,0.0,0.0,0.0,4,1,7
3732,3736,0.0,0.0,0.0,2,0,5
3736,3740,1.0,0.5,0.6666666666666666,2,1,4
3740,3744,0.0,0.0,0.0,1,0,2
3760,3764,1.0,0.5,0.6666666666666666,2,1,10
3764,3768,0.0,0.0,0.0,2,0,1
3768,3772,0.0,0.0,0.0,1,0,1
3772,3776,0.0,0.0,0.0,2,0,1
3776,3780,0.0,0.0,0.0,3,0,4
3780,3784,0.0,0.0,0.0,2,0,6
3784,3788,0.0,0.0,0.0,2,0,4
3788,3792,0.0,0.0,0.0,1,0,5
3800,3804,0.0,0.0,0.0,1,0,4
3804,3808,0.0,0.0,0.0,2,0,2
3808,3812,0.0,0.0,0.0,2,1,16
3812,3816,1.0,0.25,0.4,4,1,9
3816,3820,1.0,0.3333333333333333,0.5,3,1,5
3820,3824,0.0,0.0,0.0,2,0,6
3824,3828,0.0,0.0,0.0,2,0,6
3828,3832,0.0,0.0,0.0,1,0,5
3832,3836,0.0,0.0,0.0,1,0,1
3836,3840,0.0,0.0,0.0,2,0,2
3840,3844,0.0,0.0,0.0,3,0,10
3844,3848,0.0,0.0,0.0,3,0,1
3848,3852,0.0,0.0,0.0,3,1,6
3852,3856,0.0,0.0,0.0,2,0,3
3856,3860,0.0,0.0,0.0,3,0,5
3860,3864,0.0,0.0,0.0,3,0,11
3864,3868,0.0,0.0,0.0,4,0,7
3868,3872,0.5,0.14285714285714285,0.22222222222222224,7,2,9
3872,3876,1.0,0.16666666666666666,0.2857142857142857,6,1,1
3876,3880,0.0,0.0,0.0,5,3,14
3880,3884,1.0,0.16666666666666666,0.2857142857142857,6,1,9
3884,3888,0.0,0.0,0.0,5,4,6
3888,3892,0.0,0.0,0.0,4,3,8
3892,3896,0.0,0.0,0.0,3,2,9
3896,3900,1.0,0.2,0.33333333333333337,5,1,7
3900,3904,0.0,0.0,0.0,6,0,3
3904,3908,0.0,0.0,0.0,5,0,3
3908,3912,0.0,0.0,0.0,4,0,3
3912,3916,1.0,0.25,0.4,4,1,5
3916,3920,0.5,0.3333333333333333,0.4,3,2,6
3920,3924,0.0,0.0,0.0,2,0,5
3924,3928,0.0,0.0,0.0,2,1,9
3928,3932,0.0,0.0,0.0,2,2,8
3932,3936,0.0,0.0,0.0,2,1,11
3936,3940,0.0,0.0,0.0,1,0,1
3968,3972,1.0,0.5,0.6666666666666666,2,1,1
3972,3976,0.0,0.0,0.0,1,0,1
3976,3980,0.0,0.0,0.0,1,0,2
3980,3984,0.0,0.0,0.0,2,0,1
3984,3988,0.0,0.0,0.0,2,0,8
3988,3992,0.0,0.0,0.0,1,0,2
3992,3996,0.0,0.0,0.0,2,1,3
3996,4000,0.0,0.0,0.0,1,0,3
4000,4004,0.0,0.0,0.0,3,0,3
4004,4008,0.0,0.0,0.0,2,0,2
4008,4012,0.0,0.0,0.0,2,0,2
4012,4016,0.0,0.0,0.0,3,0,4
4016,4020,0.0,0.0,0.0,2,0,1
4020,4024,0.0,0.0,0.0,2,1,6
4024,4028,0.0,0.0,0.0,2,0,4
4028,4032,0.0,0.0,0.0,1,0,1
4044,4048,0.0,0.0,0.0,1,0,2
4048,4052,0.0,0.0,0.0,2,0,1
4052,4056,0.0,0.0,0.0,2,0,4
4056,4060,0.0,0.0,0.0,2,0,2
4060,4064,1.0,0.5,0.6666666666666666,2,1,4
4064,4068,0.0,0.0,0.0,2,0,3
4068,4072,0.0,0.0,0.0,2,0,1
4072,4076,1.0,0.5,0.6666666666666666,2,1,5
4076,4080,0.0,0.0,0.0,1,0,3
4100,4104,0.0,0.0,0.0,1,0,1
4104,4108,0.0,0.0,0.0,1,0,3
4108,4112,0.0,0.0,0.0,2,0,2
4112,4116,0.0,0.0,0.0,2,0,5
4116,4120,0.0,0.0,0.0,1,0,1
4128,4132,0.0,0.0,0.0,1,0,3
4132,4136,0.0,0.0,0.0,1,0,2
4136,4140,0.0,0.0,0.0,2,0,4
4140,4144,0.0,0.0,0.0,2,0,1
4144,4148,0.0,0.0,0.0,2,0,8
4148,4152,1.0,0.5,0.6666666666666666,2,1,6
4152,4156,0.0,0.0,0.0,1,0,2
4160,4164,0.0,0.0,0.0,1,0,2
4164,4168,0.0,0.0,0.0,1,0,7
4168,4172,1.0,0.3333333333333333,0.5,3,1,16
4172,4176,0.0,0.0,0.0,3,0,2
4176,4180,0.0,0.0,0.0,1,0,10
4180,4184,1.0,1.0,1.0,1,1,4
4184,4188,0.0,0.0,0.0,1,0,4
4188,4192,0.0,0.0,0.0,2,0,3
4192,4196,0.0,0.0,0.0,2,1,12
4196,4200,1.0,0.5,0.6666666666666666,2,1,1
4204,4208,0.0,0.0,0.0,1,0,7
4208,4212,0.0,0.0,0.0,1,0,2
4212,4216,0.5,0.5,0.5,2,2,4
4216,4220,0.0,0.0,0.0,1,0,4
4236,4240,0.0,0.0,0.0,1,0,3
4240,4244,0.0,0.0,0.0,1,0,4
4284,4288,0.0,0.0,0.0,1,0,6
4288,4292,0.0,0.0,0.0,1,0,3
4292,4296,0.0,0.0,0.0,1,1,10
4296,4300,0.0,0.0,0.0,1,0,1
4356,4360,1.0,1.0,1.0,1,1,6
4360,4364,0.0,0.0,0.0,3,0,2
4364,4368,1.0,0.4,0.5714285714285715,5,2,7
4368,4372,1.0,0.5,0.6666666666666666,6,3,19
4372,4376,0.5,0.16666666666666666,0.25,6,2,14
4376,4380,0.3333333333333333,0.2,0.25,5,3,18
4380,4384,0.0,0.0,0.0,3,0,1
4384,4388,0.0,0.0,0.0,2,0,3
4388,4392,1.0,0.5,0.6666666666666666,2,1,7
4392,4396,0.0,0.0,0.0,2,0,2
4396,4400,0.0,0.0,0.0,2,0,4
4400,4404,0.0,0.0,0.0,2,2,5
4404,4408,0.0,0.0,0.0,1,0,3
4412,4416,0.0,0.0,0.0,1,0,1
4416,4420,0.0,0.0,0.0,1,0,1
4420,4424,0.0,0.0,0.0,1,0,7
4424,4428,0.0,0.0,0.0,1,0,2
4428,4432,0.0,0.0,0.0,1,0,4
4432,4436,0.0,0.0,0.0,1,0,11
4436,4440,0.0,0.0,0.0,1,0,11
4440,4444,0.0,0.0,0.0,1,0,5
4444,4448,0.0,0.0,0.0,1,0,3
4448,4452,0.0,0.0,0.0,1,0,1
4452,4456,0.0,0.0,0.0,1,0,1
4456,4460,0.0,0.0,0.0,1,0,13
4460,4464,0.0,0.0,0.0,3,0,5
4464,4468,1.0,0.25,0.4,4,1,1
4468,4472,0.5,0.25,0.3333333333333333,4,2,6
4472,4476,1.0,0.25,0.4,4,1,6
4476,4480,0.5,0.4,0.4444444444444445,5,4,6
4480,4484,0.0,0.0,0.0,3,1,5
4484,4488,0.0,0.0,0.0,3,0,6
4488,4492,1.0,0.5,0.6666666666666666,2,1,15
4492,4496,0.0,0.0,0.0,4,0,1
4496,4500,0.25,0.25,0.25,4,4,11
4500,4504,0.0,0.0,0.0,4,1,4
4504,4508,0.4,0.4,0.4000000000000001,5,5,10
4508,4512,0.0,0.0,0.0,6,0,3
4512,4516,0.0,0.0,0.0,6,0,2
4516,4520,0.0,0.0,0.0,4,0,4
4520,4524,1.0,0.25,0.4,4,1,1
4524,4528,0.0,0.0,0.0,2,0,1
4528,4532,0.5,0.2,0.28571428571428575,5,2,6
4532,4536,0.3333333333333333,0.14285714285714285,0.2,7,3,5
4536,4540,0.0,0.0,0.0,9,0,2
